product_name,url
ทินเนอร์ BARCO รุ่น AAA ขนาด 1 แกลอน,https://www.megahome.co.th/p/15098
ทินเนอร์ BARCO รุ่น AAA ขนาด 11 กก. (ปิ๊บ),https://www.megahome.co.th/p/15099
ทินเนอร์ Barco รุ่น AAA ขนาด ขวดใหญ่,https://www.megahome.co.th/p/15097
น้ำมันสน SHARK รุ่นกระป๋อง ขนาด 2.3 กก. สีใส (#0TUR),https://www.megahome.co.th/p/15075
น้ำมันสน SHARK รุ่นขวดใหญ่ สีใส 0TUR,https://www.megahome.co.th/p/15074
น้ำมันสน SHARK รุ่นปิ๊ป ขนาด 11 กก. สีใส (#0TUR),https://www.megahome.co.th/p/15076
น้ำยาปรับสภาพปูนเก่า REPAINT รุ่น 2000 ขนาด 5 แกลลอน สีขาว,https://www.megahome.co.th/p/266430
ประตู UPVC Eco Door  PB1 70x200 cm. สีเทาอ่อนทูโทนเทาเข้ม เจาะลูกบิด,https://www.megahome.co.th/p/1242180
ประตูภายนอก uPVC ECO DOOR รุ่น TLW ขนาด 70 x 200 ซม. สีขาว (เจาะลูกบิด),https://www.megahome.co.th/p/1234741
ประตูภายนอก uPVC ECO DOOR รุ่น TLW ขนาด 80 x 200 ซม. สีขาว (เจาะลูกบิด),https://www.megahome.co.th/p/1200774
ประตูภายนอก uPVC ECO DOOR รุ่น UPVC2 ขนาด 80 x 200 ซม. สีขาว (ไม่เจาะลูกบิด),https://www.megahome.co.th/p/1242201
ประตูภายนอก uPVC ECO DOOR รุ่น UPVC2C ขนาด 80 x 200 ซม. สีขาว (ไม่เจาะลูกบิด),https://www.megahome.co.th/p/1242195
ประตูภายใน uPVC ECO DOOR รุ่น PG2 ขนาด 70 x 200 ซม. สีขาว (เจาะลูกบิด),https://www.megahome.co.th/p/1200647
ประตูภายใน UPVC ECO-DOOR รุ่น PD1 70x200 cm สีครีมทูโทนเทา (เจาะลูกบิด),https://www.megahome.co.th/p/1242188
ประตูภายใน UPVC ECO-DOOR รุ่น PE2 80x200 cm สีเทา,https://www.megahome.co.th/p/1225282
ประตูอะลูมิเนียมบานเลื่อน FRAMEX รุ่น 2 บาน+มุ้ง SS ขนาด 160 x 205 ซม. สีขาว,https://www.megahome.co.th/p/1128473
ประตูอะลูมิเนียมบานเลื่อน FRAMEX รุ่น 2 บาน+มุ้ง SS ขนาด 200 x 205 ซม. สีขาว,https://www.megahome.co.th/p/1164088
ประตูอะลูมิเนียมบานเลื่อน FRAMEX รุ่น 2 บาน+มุ้ง SS ขนาด 200 x 205 ซม. สีดำ,https://www.megahome.co.th/p/1164089
รองพื้นปูนสูตรน้ำ CAPTAIN รุ่น Super Nano ขนาด 2.5 แกลลอน สีขาว,https://www.megahome.co.th/p/1084277
วงกบประตู uPVC ECO DOOR รุ่น UR-100 ขนาด 70 x 200 ซม. สีขาว,https://www.megahome.co.th/p/1200636
วงกบประตู uPVC ECO DOOR รุ่น UR-100 ขนาด 80 x 200 ซม. สีขาว,https://www.megahome.co.th/p/1200646
วงกบประตู WPC ECO DOOR รุ่น OVSM-100 ขนาด 80 x 200 ซม. สีโอ๊ก,https://www.megahome.co.th/p/1110489
วงกบประตู WPC ECO DOOR รุ่น WR-100 ขนาด 80 x 200 ซม. สีขาว,https://www.megahome.co.th/p/1200635
วงกบประตู WPC ECO DOOR รุ่น WVSM-100 ขนาด 70 x 200 ซม. สีขาว,https://www.megahome.co.th/p/1194269
วงกบประตู WPC ECO DOOR รุ่น WVSM-100 ขนาด 80 x 200 ซม. สีขาว,https://www.megahome.co.th/p/1110609
สีทาฝ้าเพดาน Delight BEGER I-4444 ขนาด 5 แกลอน สี Smoky White,https://www.megahome.co.th/p/1119435
สีทาฝ้าเพดาน Delight BEGER รุ่น I-3333 ขนาด 5 แกลอน สีขาว,https://www.megahome.co.th/p/1119436
สีน้ำกึ่งเงา ภายนอก CAPTAIN รุ่น LONGLIFE SHIELD+ ขนาด 2.5 แกลลอน สีเบส A,https://www.megahome.co.th/p/1249239
สีน้ำกึ่งเงา ภายนอก NIPPON รุ่น ซุปเปอร์เซิฟ ขนาด 2.5 แกลลอน สีเบส A,https://www.megahome.co.th/p/1236126
สีน้ำกึ่งเงา ภายนอก NIPPON รุ่น วีนิเลกซ์ ขนาด 2.5 แกลลอน สีเบส A,https://www.megahome.co.th/p/1097900
สีน้ำทาภายนอก JBP SG รุ่น FUTURESHIELD ขนาด 2.5 แกลลอน สีเบส A,https://www.megahome.co.th/p/1047666
สีน้ำทาภายนอก SG JBP รุ่น FUTURESHIELD ขนาด 2.5 แกลลอน สีเบส B,https://www.megahome.co.th/p/1047469
สีน้ำทาภายนอก SG JBP รุ่น FUTURESHIELD ขนาด 2.5 แกลลอน สีเบส C,https://www.megahome.co.th/p/1060226
สีน้ำทาภายนอก SG JBP รุ่น SMART COAT ขนาด 2.5 แกลลอน สีเบส A,https://www.megahome.co.th/p/1047600
สีน้ำทาภายนอก SH JBP FUTURESHIELD ขนาด 2.5 แกลลอน สีเบส A,https://www.megahome.co.th/p/1047579
สีน้ำทาภายนอก กึ่งเงา DULUX รุ่น เวเธอร์ชีลด์ พาวเวอร์เฟล็ก ขนาด 9 ลิตร สีเบส A #PFSG,https://www.megahome.co.th/p/1030422
สีน้ำทาภายนอก กึ่งเงา DULUX รุ่น เวเธ่อร์ชีลด์ แอดวานซ์ ขนาด 9 ลิตร สีเบส A,https://www.megahome.co.th/p/1193009
สีน้ำทาภายนอก เนียน DULUX รุ่น เวเธ่อร์ชีลด์ แอดวานซ์ ขนาด 9 ลิตร สีเบส A,https://www.megahome.co.th/p/1193012
สีน้ำทาภายนอกชนิดกึ่งเงา DULUX SUPERCOTE NANOTEX ขนาด 9 ลิตร A915 เบส A,https://www.megahome.co.th/p/1017405
สีน้ำทาภายใน กึ่งเงา DULUX ดูลักซ์ อีซี่แคร์ พลัส ขนาด 9 ลิตร สีเบส A #A909Plus,https://www.megahome.co.th/p/1029536
สีน้ำภายนอก NIPPON รุ่น เวเธอร์บอนด์ กึ่งเงา ขนาด 9 ลิตร เบส A,https://www.megahome.co.th/p/1170102
สีน้ำภายนอก NIPPON รุ่น เวเธอร์บอนด์ เนียน ขนาด 9 ลิตร เบส A,https://www.megahome.co.th/p/1170148
สีน้ำภายนอก กึ่งเงา DELTA รุ่น Deltashield+ ขนาด 2.5 แกลลอน สีเบส A,https://www.megahome.co.th/p/1099881
สีน้ำภายนอก กึ่งเงา JBP รุ่น Smart Shield-X ขนาด 2.5 แกลลอน สีเบส A,https://www.megahome.co.th/p/1250408
สีน้ำภายนอก ชนิดกึ่งเงา BEGER รุ่น BEN-TONE PLUS ขนาด 5 แกลลอน สี Cool White #SG-001,https://www.megahome.co.th/p/1246543
สีน้ำภายนอก ชนิดกึ่งเงา BEGER รุ่น คูล ออลพลัส #4400 ขนาด 5 แกลลอน สีขาว,https://www.megahome.co.th/p/222550
สีน้ำภายนอก ชนิดกึ่งเงา DELTA รุ่น Shield 4D ขนาด 2.5 แกลลอน สีเบส A,https://www.megahome.co.th/p/1224471
สีน้ำภายนอก ชนิดกึ่งเงา DULUX รุ่น INSPIRE ขนาด 9 ลิตร สีเบส A,https://www.megahome.co.th/p/1246634
สีน้ำภายนอก ด้าน JOTUN รุ่นโจตาชิลด์อัลตร้าคลีน ขนาด 9 ลิตร สีเบส A,https://www.megahome.co.th/p/1173770
สีน้ำภายนอก ด้าน JOTUN รุ่นโจตาชิลด์อัลตร้าคลีน ขนาด 9 ลิตร สีเบส B,https://www.megahome.co.th/p/1173690
สีน้ำภายนอก ด้าน NIPPON รุ่น จูเนียร์ 99 ขนาด 17.5 ลิตร. สี 900 ขาว,https://www.megahome.co.th/p/1022249
สีน้ำภายนอกกึ่งเงา CAPTAIN รุ่น MARK ขนาด 5 แกลลอน สีขาว (M910),https://www.megahome.co.th/p/1234089
สีน้ำภายนอกกึ่งเงา JOTUN รุ่น JOTASHIELD AF ขนาด 9 ลิตร สีเบส A,https://www.megahome.co.th/p/1103963
สีน้ำภายนอกกึ่งเงา JOTUN รุ่น JOTASHIELD AF ขนาด 9 ลิตร สีเบส B,https://www.megahome.co.th/p/1103944
สีน้ำภายนอกกึ่งเงา JOTUN รุ่น JOTASHIELD AF ขนาด 9 ลิตร สีเบส C,https://www.megahome.co.th/p/1104245
สีน้ำภายนอกกึ่งเงา JOTUN รุ่น TOUGH SHIELD MAX ขนาด 2.5 แกลลอน สีเบส A,https://www.megahome.co.th/p/1195103
สีน้ำภายนอกกึ่งเงา JOTUN รุ่น TOUGH SHIELD ขนาด 2.5 แกลลอน สีเบส A,https://www.megahome.co.th/p/1195079
สีน้ำภายใน NIPPON รุ่น แอร์แคร์ กึ่งเงา ขนาด 2.5 แกลลอน สีเบส A,https://www.megahome.co.th/p/1170419
สีน้ำภายใน ชนิดกึ่งเงา BEGER รุ่น เบเยอร์ชิลด์ อีซี่ คลีนแอนด์แคร์ ขนาด 9 ลิตร สีเบส A,https://www.megahome.co.th/p/1247077
สีน้ำภายใน ชนิดกึ่งเงา DULUX รุ่น INSPIRE ขนาด 9 ลิตร สีเบส A,https://www.megahome.co.th/p/1246593
สีน้ำภายใน ชนิดกึ่งเงา JOTUN รุ่น Essence Cover Plus ขนาด 9 ลิตร สีเบส A,https://www.megahome.co.th/p/1165080
สีน้ำภายใน ชนิดเนียน JOTUN รุ่น Majestic Sense ขนาด 2.5 แกลลอน สีเบส A,https://www.megahome.co.th/p/1220716
สีน้ำภายใน ด้าน JOTUN รุ่น JOTAPLAST ขนาด 9 ลิตร สีเบส A,https://www.megahome.co.th/p/1157909
สีน้ำภายในกึ่งเงา BEGER เบเยอร์ชิลด์ รุ่น แอร์เฟรซ แอนตี้ไวรัส โกลด์ ไอออน 15+ ขนาด 9 ลิตร สีเบส A,https://www.megahome.co.th/p/1157804
สีน้ำภายในกึ่งเงา CAPTAIN รุ่น Freshiclean ขนาด 2.5 แกลลอน สี เบส A,https://www.megahome.co.th/p/1018111
สีน้ำภายในกึ่งเงา JOTUN รุ่น ESSENCE EASY CLEAN SEMIGLOSS ขนาด 2.5 แกลลอน สีเบส A,https://www.megahome.co.th/p/1042185
สีน้ำภายในกึ่งเงา JOTUN รุ่น MAJESTIC TRUE BEAUTY ขนาด 2.5 แกลลอน สีเบส A,https://www.megahome.co.th/p/1146419
สีน้ำอะคริลิก กึ่งเงา BEGER รุ่น เบเยอร์นาโนวันชิลด์ ขนาด 9 ลิตร สีเบส A,https://www.megahome.co.th/p/1057856
สีน้ำอะคริลิก กึ่งเงา BEGER รุ่น เบเยอร์นาโนวันชิลด์ ขนาด 9 ลิตร สีเบส B,https://www.megahome.co.th/p/1057857
สีน้ำอะคริลิกกึ่งเงา BEGER รุ่น เบเยอร์คูลไดมอนด์ชิลด์ เกรด 10 ปี ขนาด 9 ลิตร สีเบส A,https://www.megahome.co.th/p/238016
สีน้ำอะคริลิกกึ่งเงา BEGER รุ่น เบเยอร์คูลไดมอนด์ชิลด์ เกรด 10 ปี ขนาด 9 ลิตร สีเบส B,https://www.megahome.co.th/p/238018
สีน้ำอะคริลิกกึ่งเงา BEGER รุ่น เบเยอร์คูลไดมอนด์ชิลด์ เกรด 10 ปี ขนาด 9 ลิตร สีเบส C,https://www.megahome.co.th/p/238020
สีน้ำอะคริลิกกึ่งเงา BEGER รุ่น เบเยอร์คูลไดมอนด์ชิลด์ เกรด 10 ปี ขนาด 9 ลิตร สีเบส D,https://www.megahome.co.th/p/238022
สีน้ำอะคริลิกกึ่งเงา BEGER รุ่น เบเยอร์คูลไดมอนด์ชิลด์ เกรด 15 ปี ขนาด 9 ลิตร สีเบส A,https://www.megahome.co.th/p/1050126
สีน้ำอะคริลิกกึ่งเงา BEGER รุ่น เบเยอร์คูลไดมอนด์ชิลด์ เกรด 15 ปี ขนาด 9 ลิตร สีเบส B,https://www.megahome.co.th/p/1050136
สีน้ำอะคริลิกกึ่งเงา BEGER รุ่น เบเยอร์คูลไดมอนด์ชิลด์ เกรด 15 ปี ขนาด 9 ลิตร สีเบส C,https://www.megahome.co.th/p/1050212
สีน้ำอะคริลิกกึ่งเงา BEGER รุ่น เบเยอร์คูลไดมอนด์ชิลด์ เกรด 15 ปี ขนาด 9 ลิตร สีเบส D,https://www.megahome.co.th/p/1050056
สีน้ำอะคริลิกกึ่งเงา NATIONAL SHIELD รุ่น เบส A ขนาด 2.5 แกลลอน สีเบส A,https://www.megahome.co.th/p/1099871
สีน้ำอะคริลิกกึ่งเงา ภายนอก BEGER รุ่น เบเยอร์คูลไดมอนด์ชิลด์ เกรด 15 ปี ขนาด 9 ลิตร สีซูเปอร์ไวท์,https://www.megahome.co.th/p/1220581
สีน้ำอะคริลิกเนียน BEGER รุ่น เบเยอร์คูลไดมอนด์ชิลด์ เกรด 15 ปี ขนาด 9 ลิตร สีเบส A,https://www.megahome.co.th/p/1050126
สีภายนอกไฮบริดชิลด์กึ่งเงา NIPPON รุ่น HYBRIDSHIELD SG ขนาด 2.5 แกลลอน สีเบส A,https://www.megahome.co.th/p/1142432
สีภายใน กึ่งเงา DELTA รุ่น Clean & Care ขนาด 2.5 แกลลอน สีเบส A,https://www.megahome.co.th/p/1165369
สีภายในไฮบริดชิลด์กึ่งเงา NIPPON รุ่น HYBRIDSHIELD SG ขนาด 2.5 แกลลอน สีเบส A,https://www.megahome.co.th/p/1142340
สีรองพื้นกันสนิม Kobe ขนาด 1 แกลอน สีเทา,https://www.megahome.co.th/p/283993
สีรองพื้นกันสนิม Kobe ขนาด 5 แกลอน สีเทา,https://www.megahome.co.th/p/283995
สีรองพื้นปูนกันด่าง NATIONAL รุ่น 1660 ขนาด 5 แกลอน สีขาว,https://www.megahome.co.th/p/1119484
สีรองพื้นปูนอเนกประสงค์ DELTA รุ่นท็อปเทคโค้ดเฟล็ก ขนาด 2.5 แกลลอน สีขาว,https://www.megahome.co.th/p/1127042
สีรองพื้นปูนอเนกประสงค์ JBP รุ่น Supreme Primer ขนาด 15 ลิตร สีขาว #2900,https://www.megahome.co.th/p/1224928
สีรองพื้นปูนอเนกประสงค์ สูตรน้ำ DULUX รุ่นเพาเวอร์พลัส ไฮโดรไพร์เมอร์ ขนาด 9 ลิตร สีขาว,https://www.megahome.co.th/p/1173756
สีรองพื้นปูนอเนกประสงค์ สูตรน้ำมัน JBP รุ่น Multipurpose Primer ขนาด 5 แกลลอน สีขาว #2000,https://www.megahome.co.th/p/1237113
สีรองพื้นปูนอเนกประสงค์สูตรน้ำ BEGER รุ่น BEN-TONE PLUS ขนาด 5 แกลลอน สีขาว #BT-1000,https://www.megahome.co.th/p/1246524
สีรองพื้นปูนเก่า DULUX รุ่น เวเธอร์ชีลด์พาวเวอร์พลัส 1000 ขนาด 5 แกลลอน สี A5421000 ขาว,https://www.megahome.co.th/p/245704
สีรองพื้นปูนเก่า ผนังภายนอก NIPPON รุ่น เฟล็กซี่ ซีล ขนาด 10 กก. สีขาว,https://www.megahome.co.th/p/1085484
สีรองพื้นปูนเก่า ผนังภายนอก NIPPON รุ่น เฟล็กซี่ ซีล ขนาด 20 กก. สีขาว,https://www.megahome.co.th/p/290960
สีรองพื้นปูนใหม่ DELTA รุ่นท็อปเทคโค้ดไวท์ ขนาด 2.5 แกลลอน สีขาว,https://www.megahome.co.th/p/1127043
สีรองพื้นปูนใหม่ DULUX รุ่น ไพร์เมอร์ชีลด์ 1010 ขนาด 5 แกลอน สีขาว,https://www.megahome.co.th/p/1000340
สีรองพื้นปูนใหม่ HOMECOTE ขนาด 5 แกลอน สี 0000 ขาว,https://www.megahome.co.th/p/1231878
สีรองพื้นปูนใหม่ JBP รุ่น SUPREME PRIMER ขนาด 2.5 แกลลอน สีขาว,https://www.megahome.co.th/p/1224928
สีรองพื้นปูนใหม่ JOTUN รุ่น โจตาชิลด์ ขนาด 5 แกลอน สีขาว,https://www.megahome.co.th/p/180397
สีรองพื้นปูนใหม่ NIPPON รุ่น จูเนียร์ 99 ขนาด 17.5 ลิตร. สีขาว,https://www.megahome.co.th/p/240744
สีรองพื้นปูนใหม่สูตรน้ำ BEGER รุ่น โปร 100 ขนาด 5 แกลอน สีขาว,https://www.megahome.co.th/p/1119040
สีรองพื้นและทับหน้ากันสนิม JBP รุ่น AAA 2in1 ขนาด 1 แกลลอน สีดำ #G8002,https://www.megahome.co.th/p/1191632
สีอุตสาหกรรม JOTUN รุ่น PENGUARD ENAMEL COM B ขนาด 0.6 ลิตร สีใส,https://www.megahome.co.th/p/1177846
สีเคลือบกันสนิม 2 in 1 HERO รุ่น H2-888 ขนาด 1 แกลลอน สีดำ,https://www.megahome.co.th/p/1135133
สีเคลือบกันสนิม 2 in 1 เงา เบเยอร์ชิลด์ กริปเทค รุ่น BR800 ขนาด 1 แกลลอน สีดำ,https://www.megahome.co.th/p/1177358
สีเคลือบเงาอะคริลิก BEGER รุ่น A-200 สูตรน้ำ พียูไฮบริด ขนาด 1 แกลลอน สีใส,https://www.megahome.co.th/p/1191323
สีเคลือบเงาอะครีลิก A-100 BEGER รุ่น FBACGG100 ขนาด 1 แกลลอน สีใส,https://www.megahome.co.th/p/1086976
หน้าต่างบานเปิด UPVC พร้อมมุ้ง FRAMEX ขนาด 60 x 110 ซม. สีขาว,https://www.megahome.co.th/p/1165840
หน้าต่างอะลูมิเนียมบานเลื่อน FRAMEX รุ่น 2 บาน+มุ้ง SS ขนาด 100 x 110 ซม. สีขาว,https://www.megahome.co.th/p/1164214
หน้าต่างอะลูมิเนียมบานเลื่อน FRAMEX รุ่น 2 บาน+มุ้ง SS ขนาด 120 x 110 ซม. สีขาว,https://www.megahome.co.th/p/1164147
หน้าต่างอะลูมิเนียมบานเลื่อน FRAMEX รุ่น 2 บาน+มุ้ง SS ขนาด 120 x 110 ซม. สีดำ,https://www.megahome.co.th/p/1164146
หน้าต่างอะลูมิเนียมบานเลื่อน FRAMEX รุ่น 2 บาน+มุ้ง SS ขนาด 150 x 110 ซม. สีขาว,https://www.megahome.co.th/p/1164235
หน้าต่างอะลูมิเนียมบานเลื่อน FRAMEX รุ่น 2 บาน+มุ้ง SS ขนาด 150 x 110 ซม. สีดำ,https://www.megahome.co.th/p/1164236
หน้าต่างอะลูมิเนียมบานเลื่อน FRAMEX รุ่น 4 บาน+มุ้ง FSSF ขนาด 240 x 110 ซม. สีขาว,https://www.megahome.co.th/p/1164157
โพลียูรีเทน 1K BEGER รุ่น ซูพรีม PG-9900 ขนาด 3 ลิตร สีใส เงา,https://www.megahome.co.th/p/1198027
ไม้ผนัง WPC ร่องเล็ก 1 นิ้ว THAISUN รุ่น Elegant ขนาด 17.5 x 300 x 2.75 ซม. สีสัก,https://www.megahome.co.th/p/1230815
ไม้ฝ้า WPC THAISUN รุ่น ลายไม้ ขนาด 12 x 300 x 2 ซม. สีสัก,https://www.megahome.co.th/p/1102662
ไม้พื้น WPC THAISUN รุ่น ลายร่อง - ลายไม้ ขนาด 13.5 x 240 x 2.5 ซม. สีน้ำตาลช็อกโกแลต,https://www.megahome.co.th/p/1000952
ไม้พื้น WPC THAISUN รุ่น ลายร่อง-ลายไม้ ขนาด 13.5 x 240 x 2.5 ซม. สีสัก,https://www.megahome.co.th/p/1000957
ไม้พื้นWPC Thaisun  ลายร่อง-ลายไม้ 13.5x240x2.5 ซม. สีน้ำตาลแดง,https://www.megahome.co.th/p/1016940
ไม้พื้นWPC Thaisun  ลายร่อง-ลายไม้ YL 2.5x13.5x240 ซม. สีโอ๊ค,https://www.megahome.co.th/p/1230910
สว่านกระแทกไร้สาย J-Series PUMPKIN J-12ID1502 (50208) 12 V ส้ม-ดำ,https://www.megahome.co.th/p/1144432
อ่างเปลผสมปูนทรงสี่เหลี่ยม ช่างมือโปร  200 ลิตร ดำ,https://www.megahome.co.th/p/1120224
อ่างเปลผสมปูนทรงสี่เหลี่ยม ช่างมือโปร 240 ลิตร ดำ,https://www.megahome.co.th/p/1120224
อ่างเปลผสมปูนทรงสี่เหลี่ยม ช่างมือโปร 240 ลิตร ฟ้า,https://www.megahome.co.th/p/1115513
เครื่องดับเพลิงชนิดผงเคมีแห้ง FIREMAN PRO 1A1B 2.2 ปอนด์ แดง,https://www.megahome.co.th/p/1163545
ข้องอ 90 องศา บาง ตรามือ 3  ฟ้า,https://www.megahome.co.th/p/1055353
ข้อต่อยูเนี่ยนพีวีซี ตรามือ 356-51N  1 นิ้ว  ฟ้า,https://www.megahome.co.th/p/1055323
ท่อ PVC ชั้น13.5 ตรามือ 56-13.5(1) 1 นิ้ว 4ม. สีฟ้า,https://www.megahome.co.th/p/1055063
ท่อ PVC ชั้น13.5 ตรามือ 56-13.5(2) 2 นิ้ว 4ม. สีฟ้า,https://www.megahome.co.th/p/1055048
ท่อ PVC ชั้น5  ตรามือ 56-5(1 1/2) 1 1/2 นิ้ว 4ม. สีฟ้า,https://www.megahome.co.th/p/1133862
ท่อ PVC ชั้น5  ตรามือ 56-5(6) 6 นิ้ว  4ม. สีฟ้า,https://www.megahome.co.th/p/1133720
ท่อ PVC ชั้น8.5  ปลายบาน ตรามือ 56-8.5(4)บาน 4 นิ้ว 4ม. สีฟ้า,https://www.megahome.co.th/p/1055106
ท่อ PVC ชั้น8.5 ตรามือ 56-8.5(1.1/2) 1 1/2 นิ้ว  4ม. สีฟ้า,https://www.megahome.co.th/p/1054929
ท่อ PVC ชั้น8.5 ตรามือ 56-8.5(6) 6 นิ้ว  4ม. สีฟ้า,https://www.megahome.co.th/p/1133845
บอลล์วาล์ว PVC ตรามือ 1 ฟ้า,https://www.megahome.co.th/p/1055394
สามทาง ตรามือ 2   ฟ้า,https://www.megahome.co.th/p/1054917
